# Name, Type, SubType, Offset, Size, Flags
# Note: if you change the phy_init or app partition offset, make sure to change the offset in Kconfig.projbuild
nvs,       data,  nvs,     ,     0x4000,
otadata,   data,  ota,     ,     0x2000,
phy_init,  data,  phy,     ,     0x1000,
factory,   app,   factory, ,     0x1E6800,
ota_0,     app,   ota_0,   ,     0x1E6800,
#factory,   app,   factory, ,     0x17A380,
#ota_0,     app,   ota_0,   ,     0x17A380,
#ota_1,     app,   ota_1,   ,     0x14A380,